﻿<?xml version="1.0" encoding="UTF-8" standalone="yes"?>
<addon id="repository.TB.BUILD.REPO" name=".[COLOR yellow]TB[/COLOR][COLOR white] BUILD[/COLOR] REPO" version="0.0.7" provider-name="TB BUILD">
	<extension point="xbmc.addon.repository" name=".[COLOR yellow]TB[/COLOR][COLOR white] BUILD[/COLOR] REPO">
		<info compressed="false">https://github.com/tbbuild/TB-REPOSITORY/raw/master/addons.xml</info>
		<checksum>https://github.com/tbbuild/TB-REPOSITORY/raw/master/addons.xml.md5</checksum>
		<datadir zip="true">https://github.com/tbbuild/TB-REPOSITORY/raw/master/repo</datadir>
	</extension>
	<extension point="xbmc.addon.metadata">
		<summary>TB BUILD REPOSITORY</summary>
		<description>Main Repository for TB BUILD</description>
		<platform>all</platform>
	</extension>
</addon>
